longitude,latitude,OBJECTID,DATE,x,year,CD1____KM_,CD2____KM_,CD3____KM_,CD4____KM_,WD1__G_KM_,WD2__G_KM_,WD3__G_KM_,WD4__G_KM_,SEA_STATE_,SOURCE,INFO,CD4,,
-133.87,37.2,140,16,9,2007,37.2,-133.87,15506.45,18552.36,1107.6,0,2.9,36.88,61.06,0,4,C. Moore,NPG07-M001,0
-133.95,37.18,141,16,9,2007,37.18,-133.95,32472.93,68218.32,14348.5,0,8.84,297.77,1158.28,0,4,C. Moore,NPG07-M002,0
-137.45,38.15,142,18,9,2007,38.15,-137.45,118621.69,97000.01,14282.21,0,13.69,88.07,3654.46,0,3,C. Moore,NPG07-M004,0
-141.77,38.69,143,20,9,2007,38.69,-141.77,17257.5,18881.74,2436.35,0,1.89,35.9,37.76,0,3,C. Moore,NPG07-M005,0
-142.03,38.69,144,20,9,2007,38.69,-142.03,5100.93,14353.77,1660.77,0,1.87,22.04,224.67,0,3,C. Moore,NPG07-M006,0
-142.27,38.64,145,20,9,2007,38.64,-142.27,9619.48,12488.45,928.2,0,1.96,21.26,14.43,0,3,C. Moore,NPG07-M007,0
-143.82,37.87,146,21,9,2007,37.87,-143.82,16235.81,255134.23,11597.01,0,3.71,500.3,361.83,0,4,C. Moore,NPG07-M008,0
-144.84,36.68,147,22,9,2007,36.68,-144.84,82044.72,391763.53,28202.87,0,31.23,788.09,12882.05,0,4,C. Moore,NPG07-M010,0
-145.04,36.51,148,22,9,2007,36.51,-145.04,20917.25,107991.36,7296.71,0,6.32,212.72,40.38,0,3,C. Moore,NPG07-M012,0
-146.96,32.55,149,24,9,2007,32.55,-146.96,22362.54,60773.5,7498.03,0,6.04,454.99,775.32,0,4,C. Moore,NPG07-M013,0
-147.3,32.52,150,24,9,2007,32.52,-147.3,13741.98,61151.82,17177.48,0,4.12,522.88,1100.73,0,4,C. Moore,NPG07-M015,0
-152.61,31.56,151,26,9,2007,31.56,-152.61,5382.34,29710.54,6028.23,0,1.46,411,4039.99,0,3.5,C. Moore,NPG07-M018,0
-153.52,29.45,152,27,9,2007,29.45,-153.52,2016.65,23527.53,5377.72,0,0.81,289.86,494.62,0,4,C. Moore,NPG07-M019,0
-155.66,18.89,153,10,11,7,18.89,-155.66,0,8386.43,0,0,0,61.48,82.57,0,4.5,C. Moore,NPG07-M020,0
-155.7,18.92,154,10,11,7,18.92,-155.7,418.09,1254.26,418.09,0,0.42,1.46,0.42,0,4,C. Moore,NPG07-M021,0
-155.72,18.95,155,10,11,7,18.95,-155.72,721.67,721.67,0,0,0.24,1.92,0,0,4.5,C. Moore,NPG07-M022,0
-155.98,18.16,156,10,11,7,18.16,-155.98,3741.2,1360.44,0,0,2.04,6.12,0,0,5,C. Moore,NPG07-M023,0
-155.18,19.24,157,11,11,7,19.24,-155.18,156.73,1097.09,156.73,0,0.31,3.45,3.76,0,3,C. Moore,NPG07-M024,0
-154.34,19.7,158,12,11,7,19.7,-154.34,221.59,2437.48,1107.94,0,0.22,10.41,25.26,0,3,C. Moore,NPG07-M025,0
-154.44,19.85,159,12,11,7,19.85,-154.44,617.13,2879.93,411.42,0,0.41,10.08,20.57,0,3,C. Moore,NPG07-M026,0
-154.69,19.92,160,12,11,7,19.92,-154.69,1768.14,4641.37,1547.12,0,1.11,28.75,121.56,0,3,C. Moore,NPG07-M027,0
-155.45,19.07,161,24,11,2007,19.07,-155.45,1590.78,3181.56,1590.78,0,0.68,11.82,38.86,0,3,C. Moore,NPG07-M028,0
-155.57,19.01,162,24,11,2007,19.01,-155.57,14048.46,35369.07,1983.31,0,2.5,128.89,31.4,0,4,C. Moore,NPG07-M029,0
-156.09,19.34,163,24,11,2007,19.34,-156.09,26247.9,24283.77,1785.57,0,5.07,26.74,572.1,0,2,C. Moore,NPG07-M030,0
-156,19.9,164,25,11,2007,19.9,-156,0,725.75,0,0,0,1.27,0,0,2,C. Moore,NPG07-M031,0
-156.05,19.29,165,21,1,2008,19.29,-156.05,5713.83,3713.99,0,0,2,3.14,0,0,3,C. Moore,NPG08-M032,0
-160.54,21.65,166,23,1,2008,21.65,-160.54,2149.08,4298.16,5730.88,0,0.72,66.62,10.75,0,4.5,C. Moore,NPG08-M033,0
-160.55,21.65,167,23,1,2008,21.65,-160.55,642.81,1285.61,0,0,1.93,2.05,0,0,4.5,C. Moore,NPG08-M034,0
-160.88,22.01,168,23,1,2008,22.01,-160.88,719.94,2639.79,959.92,0,0.6,23.16,20.64,0,4,C. Moore,NPG08-M035,0
-160.97,22.1,169,23,1,2008,22.1,-160.97,3428.3,20021.26,1371.32,0,1.65,130.69,59.1,0,3,C. Moore,NPG08-M036,0
-161.91,22.96,170,24,1,2008,22.96,-161.91,719.94,3839.69,359.97,0,0.36,49.44,561.8,0,3.5,C. Moore,NPG08-M037,0
-164.48,23.57,171,25,1,2008,23.57,-164.48,151.33,907.97,605.31,0,0.23,38.29,0.83,0,3.5,C. Moore,NPG08-M038,0
-165.41,30.12,172,27,1,2008,30.12,-165.41,11453.63,14609.22,2337.48,0,2.45,94.08,179.05,0,3,C. Moore,NPG08-M039,0
-165.43,30.99,173,27,1,2008,30.99,-165.43,4850.14,31374.33,2121.94,0,1.53,215.22,104.88,0,3,C. Moore,NPG08-M040,0
-165.4,32.01,174,28,1,2008,32.01,-165.4,709.11,18358.04,2994.01,0,0.1,136.78,378.66,0,2.3,C. Moore,NPG08-M041,0
-165.91,32.24,175,28,1,2008,32.24,-165.91,9360.95,32678.24,2042.39,0,1.74,206.83,1399.72,0,3,C. Moore,NPG08-M042,0
-167.59,33.03,176,29,1,2008,33.03,-167.59,29563.75,82555.38,2603.1,0,7.62,770.33,7080.98,0,2.5,C. Moore,NPG08-M043,0
-168.14,33.01,178,29,1,2008,33.01,-168.14,14317.04,27526.21,5028.01,0,3.78,88.62,392.27,0,2.5,C. Moore,NPG08-M045,0
-170.07,32.84,179,30,1,2008,32.84,-170.07,15427.34,7999.36,1371.32,0,2.19,53.02,3126.72,0,3.5,C. Moore,NPG08-M046,0
-169.7,32.56,180,30,1,2008,32.56,-169.7,4249.66,22873.17,1624.87,0,0.87,170.49,54.12,0,4,C. Moore,NPG08-M047,0
-167.99,32.26,181,31,1,2008,32.26,-167.99,12399.01,121590.27,10132.52,0,2.27,630.68,538.56,0,2.5,C. Moore,NPG08-M048,0
-165.81,32.55,182,1,2,8,32.55,-165.81,10496.48,25661.63,4894.06,0,1.77,232.66,1015.68,0,3,C. Moore,NPG08-M049,0
-166.11,32.47,183,1,2,8,32.47,-166.11,0,20071.12,5235.94,0,0,141.25,264.23,0,3,C. Moore,NPG08-M050,0
-165,33.28,184,2,2,8,33.28,-165,287.29,17524.54,2528.13,0,0.11,188.23,241.21,0,2.5,C. Moore,NPG08-M051,0
-162.72,33.76,185,3,2,8,33.76,-162.72,7270.35,37593.05,4433.14,0,1.01,413.35,1389.88,0,5,C. Moore,NPG08-M052,0
-160.42,33.76,186,4,2,8,33.76,-160.42,21459.82,65763.97,11999.04,0,5.31,284.52,170.52,0,2.5,C. Moore,NPG08-M053,0
-157.85,34.51,187,5,2,8,34.51,-157.85,38094.85,97334.87,5538.02,0,11.77,556.82,414.85,0,2.5,C. Moore,NPG08-M054,0
-157.56,36.16,188,6,2,8,36.16,-157.56,3183.82,14725.19,1790.9,0,1.39,83.38,496.48,0,4,C. Moore,NPG08-M055,0
-147.67,35.69,189,9,2,8,35.69,-147.67,54395.65,136889.05,14698.82,0,16.1,862.43,855.73,0,2.5,C. Moore,NPG08-M056,0
-132.57,35.88,190,10,2,8,35.88,-132.57,32809.88,8249.34,9561.74,0,5.81,18.56,64.49,0,1,C. Moore,NPG08-M057,0
-138.51,35.76,191,14,2,2008,35.76,-138.51,164899.09,105488.64,17386.52,0,100.41,408.52,356.49,0,3.5,C. Moore,NPG08-M058,0
-138.77,35.76,192,14,2,2008,35.76,-138.77,59515.24,175528.81,10559.16,0,17.16,631.2,468,0,3,C. Moore,NPG08-M059,0
-139.4,35.89,193,13,2,2008,35.89,-139.4,38298.82,88357.71,14527.14,0,9.25,603.35,16468.56,0,3.3,C. Moore,NPG08-M060,0
-139.82,35.97,194,13,2,2008,35.97,-139.82,32801.28,82038.31,7936.93,0,8.16,246.99,455.23,0,3,C. Moore,NPG08-M061,0
-140.33,36.04,195,13,2,2008,36.04,-140.33,357243,235383.27,61233,0,75.66,402.11,559.43,0,2,C. Moore,NPG08-M062,0
-140.79,36.08,196,13,2,2008,36.08,-140.79,211557.29,238973.39,44254.33,0,50.28,548.32,1137.65,0,2.5,C. Moore,NPG08-M063,0
-140.82,35.84,197,12,2,8,35.84,-140.82,300585.87,350139.78,49024.86,0,64.78,823.72,4586.12,0,2.5,C. Moore,NPG08-M064,0
-141.02,35.38,198,12,2,8,35.38,-141.02,391199.87,254744.74,41887.56,0,64.52,576.8,965.02,0,2,C. Moore,NPG08-M065,0
-141.45,35,199,11,2,8,35,-141.45,101533.05,272201.75,13657.73,0,31.42,899.24,1811.25,0,3,C. Moore,NPG08-M066,0
-141.78,35.91,200,11,2,8,35.91,-141.78,155566.98,290785.1,16380.83,0,45.48,866.86,1627.4,0,3,C. Moore,NPG08-M067,0
-142.08,34.68,201,11,2,8,34.68,-142.08,159155.27,149652.03,16894.65,0,33.71,568.84,10342.26,0,4,C. Moore,NPG08-M068,0
-128.11,25.11,202,15,6,2009,25.11,-128.11,14058.05,12993.04,3834.01,0,3.07,7.22,32.38,0,2,C. Moore,NPG09-M001,0
-128.35,24.22,203,15,6,2009,24.22,-128.35,2491.81,4600.27,766.71,0,0.35,4.6,0.77,0,2,C. Moore,NPG09-M002,0
-130.37,23.57,204,16,6,2009,23.57,-130.37,4561.04,7367.83,2105.09,0,0.67,7.3,9.44,0,3,C. Moore,NPG09-M003,0
-146.39,24.6,205,21,6,2009,24.6,-146.39,1045.21,1254.26,209.04,0,0.22,4.92,23.31,0,5,C. Moore,NPG09-M005,0
-146.48,24.54,206,21,6,2009,24.54,-146.48,1983.31,1873.13,330.55,0,0.24,2.66,114.26,0,5,C. Moore,NPG09-M006,0
-146.67,24.41,207,21,6,2009,24.41,-146.67,210.39,1262.32,420.77,0,0.11,4.73,44.6,0,6,C. Moore,NPG09-M008,0
-146.77,24.36,208,21,6,2009,24.36,-146.77,20725.61,7635.75,0,0,1.67,4.36,0,0,6,C. Moore,NPG09-M009,0
-160.42,23.57,209,30,6,2009,23.57,-160.42,4990.27,8157.17,287.9,0,1.04,22.17,10.84,0,2,C. Moore,NPG09-M016,0
-162.05,29.3,210,3,7,9,29.3,-162.05,55398.79,63140.11,10160.48,0,11.88,343.78,311.83,0,2,C. Moore,NPG09-M017,0
-162.63,29.77,211,3,7,9,29.77,-162.63,32345.24,50343.8,11216.49,0,7.04,237.24,349.67,0,2.5,C. Moore,NPG09-M018,0
-163.23,30.54,212,4,7,9,30.54,-163.23,11958.37,20500.05,1708.34,0,1.22,172.79,147.16,0,2,C. Moore,NPG09-M019,0
-163.99,31.31,213,4,7,9,31.31,-163.99,137693.9,162773.86,14359.51,0,23.8,588.64,1192.43,0,1,C. Moore,NPG09-M020,0
-164.25,31.61,214,4,7,9,31.61,-164.25,25655.84,67099.9,6907.34,0,6.32,449.59,661.33,0,1,C. Moore,NPG09-M021,0
-165.24,32.74,215,5,7,9,32.74,-165.24,80350.71,32318.84,3928.26,0,14.43,171.77,1680.94,0,2,C. Moore,NPG09-M022,0
-169.18,34.37,216,7,7,9,34.37,-169.18,7522.62,21453.39,2089.62,0,1.53,91.8,56.7,0,2,C. Moore,NPG09-M023,0
-170.02,34.39,217,8,7,9,34.39,-170.02,57576.04,71728.13,10886.23,0,10.63,274.7,531.13,0,2,C. Moore,NPG09-M024,0
-171.64,35.06,218,9,7,9,35.06,-171.64,33826.4,38965.56,12732.84,0,5.35,143.53,611.51,0,2,C. Moore,NPG09-M025,0
-171.74,35,219,9,7,9,35,-171.74,25474.15,43091.79,5713.83,0,4.07,90.47,469.01,0,2,C. Moore,NPG09-M026,0
-171.82,35,220,9,7,9,35,-171.82,23981.43,30101.69,4121.81,0,3.25,44.22,8302.32,0,2,C. Moore,NPG09-M027,0
-171.93,35,221,9,7,9,35,-171.93,27815.96,32490.91,3389.34,0,4.82,93.58,309.24,0,2,C. Moore,NPG09-M028,0
-172.95,34.59,222,10,7,9,34.59,-172.95,30274.08,53083.31,1382.38,0,7.88,137.13,155.1,0,2,C. Moore,NPG09-M029,0
-176.4,34.54,223,12,7,9,34.54,-176.4,18313.97,94622.16,18313.97,0,2.42,455.18,857.09,0,0,C. Moore,NPG09-M030,0
-176.44,34.49,224,12,7,9,34.49,-176.44,20444.61,56952.85,13873.13,0,2.77,398.67,5675.57,0,0,C. Moore,NPG09-M031,0
-176.46,34.47,225,12,7,9,34.47,-176.46,9799.58,16985.94,6533.05,0,3.07,32.67,663.76,0,0,C. Moore,NPG09-M032,0
-176.49,34.43,227,12,7,9,34.43,-176.49,81019.16,62559.1,12306.71,0,15.79,9278.23,627.64,0,1,C. Moore,NPG09-M034,0
-179.99,34.01,228,14,7,2009,34.01,-179.99,11051.75,25261.14,0,0,3.16,31.58,0,0,1,C. Moore,NPG09-M035,0
-179.99,34.05,229,14,7,2009,34.05,-179.99,74111.72,280565.79,0,0,20.12,365.26,0,0,1,C. Moore,NPG09-M037,0
-179.99,34.15,230,14,7,2009,34.15,-179.99,17998.56,21598.27,0,0,3.28,21.6,0,0,1,C. Moore,NPG09-M038,0
-179.99,34.16,231,14,7,2009,34.16,-179.99,5454.11,116354.33,7726.65,0,0.86,550.41,449.46,0,1,C. Moore,NPG09-M039,0
-179.86,34.51,232,15,7,2009,34.51,-179.86,1818.04,10302.21,606.01,0,0.11,30.54,9.39,0,1.5,C. Moore,NPG09-M040,0
-179.93,35.1,233,15,7,2009,35.1,-179.93,24283.77,48567.54,4285.37,0,3.09,29.38,38.47,0,1.5,C. Moore,NPG09-M041,0
-179.89,35.38,234,15,7,2009,35.38,-179.89,21628.36,30467.78,2068.8,0,4.7,46.08,51.53,0,2,C. Moore,NPG09-M042,0
-179.87,35.41,235,15,7,2009,35.41,-179.87,15103.69,15103.69,3775.92,0,2.27,37.51,8.68,0,1,C. Moore,NPG09-M043,0
-179.59,36.1,236,16,7,2009,36.1,-179.59,60256.05,99122.5,9651.4,0,7.83,97.3,107.99,0,1,C. Moore,NPG09-M044,0
-179.35,36.48,237,16,7,2009,36.48,-179.35,29997.6,25712.23,4285.37,0,4.3,27.43,57.85,0,2,C. Moore,NPG09-M045,0
-179.38,37.85,238,17,7,2009,37.85,-179.38,505.81,6912.8,1180.23,0,0.17,34.21,12.31,0,1,C. Moore,NPG09-M046,0
-179.75,39.3,239,18,7,2009,39.3,-179.75,11477.34,2086.79,2086.79,0,3.23,4.59,107.99,0,1,C. Moore,NPG09-M047,0
-179.74,39.31,240,18,7,2009,39.31,-179.74,85587.56,181873.56,10698.44,0,16.99,246.63,60.41,0,1,C. Moore,NPG09-M048,0
-178.91,40.31,241,19,7,2009,40.31,-178.91,16455.83,53481.44,4113.96,0,5.97,80.22,26.74,0,2,C. Moore,NPG09-M049,0
-178.71,40.49,242,19,7,2009,40.49,-178.71,13845.05,31382.1,2769.01,0,2.77,92.3,30.46,0,2,C. Moore,NPG09-M050,0
-158.98,25.63,243,9,9,9,25.63,-158.98,13405.52,17800.77,439.53,0,1.98,35.38,10.55,0,4,C. Moore,NPG09-M051,0
-160.31,28.01,244,11,9,9,28.01,-160.31,232634.45,69048.64,8770.88,0,31.98,163.15,231.07,0,3,C. Moore,NPG09-M052,0
-160.3,26.65,245,11,9,9,26.65,-160.3,206456.97,44479.77,8659.78,0,23.5,77.37,86.46,0,2,C. Moore,NPG09-M053,0
-160.24,31.16,246,13,9,2009,31.16,-160.24,223307.2,180074.92,21973.43,0,23.95,283.88,280.12,0,2,C. Moore,NPG09-M054,0
-160.1,31.15,247,13,9,2009,31.15,-160.1,478350.99,218841.55,65028.35,0,57.82,1006.35,1875.55,0,2,C. Moore,NPG09-M055,0
-159.98,31.15,248,13,9,2009,31.15,-159.98,155428.8,91801.12,10762.89,0,16.76,282.57,158.33,0,2,C. Moore,NPG09-M056,0
-158.69,30.81,249,17,9,2009,30.81,-158.69,46548,39730.36,705.27,0,5.48,216.92,61.69,0,2,C. Moore,NPG09-M057,0
-158.73,31.31,250,17,9,2009,31.31,-158.73,0,1993.75,1079.95,0,0,5.32,7.89,0,3,C. Moore,NPG09-M058,0
-159.01,32.01,251,18,9,2009,32.01,-159.01,234356.25,124115.07,11624.07,0,36.99,475.87,195.4,0,1,C. Moore,NPG09-M059,0
-159.92,32.5,252,18,9,2009,32.5,-159.92,62482.95,63832.89,5592.61,0,9.08,198.83,113.57,0,2,C. Moore,NPG09-M060,0
-159.96,32.55,253,18,9,2009,32.55,-159.96,25165.27,53026.82,4673.55,0,5.66,2205.2,3744.39,0,2,C. Moore,NPG09-M061,0
-159.25,33.14,254,19,9,2009,33.14,-159.25,34033.64,23998.08,1963.48,0,2.44,177.54,74.44,0,4,C. Moore,NPG09-M062,0
-159.23,33.18,255,19,9,2009,33.18,-159.23,24076.76,25020.95,4484.89,0,3,113.44,3448.41,0,4,C. Moore,NPG09-M063,0
-144.35,34.29,256,24,9,2009,34.29,-144.35,102332.95,233158.6,25683.56,0,26.61,1028.63,5169.62,0,2,C. Moore,NPG09-M065,0
-143.71,34.37,257,24,9,2009,34.37,-143.71,82359.48,389901.84,27118.37,0,16.29,4020.29,4608.68,0,3,C. Moore,NPG09-M066,0
-142.08,34.67,258,25,9,2009,34.67,-142.08,43732.77,217784.78,10109.08,0,11.1,1133.98,979.7,0,4,C. Moore,NPG09-M067,0
-141.9,34.93,259,25,9,2009,34.93,-141.9,4331.36,50688.63,4097.23,0,1.87,378.82,877.74,0,5.5,C. Moore,NPG09-M068,0
-141.43,35.01,260,26,9,2009,35.01,-141.43,25281.4,157078.34,11870.71,0,6.28,1234.62,6174.96,0,5.5,C. Moore,NPG09-M069,0
-141.02,35.38,261,26,9,2009,35.38,-141.02,12176.97,80178.94,7228.34,0,2.66,876.02,4954.14,0,5.5,C. Moore,NPG09-M070,0
-140.82,35.84,262,26,9,2009,35.84,-140.82,6341.89,145774.85,19779.61,0,0.93,1316.23,4521.02,0,5,C. Moore,NPG09-M071,0
-140.83,36.07,263,27,9,2009,36.07,-140.83,15049.64,200119.58,8541.69,0,5.02,1352.16,8788.18,0,5,C. Moore,NPG09-M072,0
-140.32,36.04,264,27,9,2009,36.04,-140.32,19181.16,326223.9,10960.66,0,12.69,1739.7,1277.21,0,5,C. Moore,NPG09-M073,0
-140.15,36.01,265,27,9,2009,36.01,-140.15,99772.24,354257.37,18899.59,0,26.65,1708,7013.94,0,5,C. Moore,NPG09-M074,0
-139.99,35.98,266,27,9,2009,35.98,-139.99,64136.84,109045.4,5302.15,0,6.84,830.07,11642.94,0,5,C. Moore,NPG09-M075,0
-139.77,35.93,267,27,9,2009,35.93,-139.77,20349.25,73295.57,8484.17,0,3.06,805.56,8079.16,0,5,C. Moore,NPG09-M076,0
-139.2,35.69,268,28,9,2009,35.69,-139.2,0,39715.13,3380.01,0,0,336.24,1635.57,0,5,C. Moore,NPG09-M077,0
-142.29,34.65,269,25,9,2009,34.65,-142.29,88881.78,286396.84,25183.17,0,20.22,1953.03,1812.97,0,2,C. Moore,NPG09-M078,0
-146.9,30.83,491,21,5,2009,30.83,-146.9,0,0,0,34.96,0,0,0,40130.15,0,H. Carson,ENPG 2009,34.96
-144.92,33.54,492,22,5,2009,33.54,-144.92,0,0,0,17.48,0,0,0,20252.1,0,H. Carson,ENPG 2009,17.48
-142.93,36.25,493,23,5,2009,36.25,-142.93,0,0,0,43.49,0,0,0,50315.89,0,H. Carson,ENPG 2009,43.49
-137.17,36.45,494,25,5,2009,36.45,-137.17,0,0,0,43.7,0,0,0,19616.64,0,H. Carson,ENPG 2009,43.7
-158.03,25.67,495,19,7,2009,25.67,-158.03,0,0,0,2.1,0,0,0,4284.53,0,H. Carson,ENPG 2009,2.1
-157.35,28.37,496,20,7,2009,28.37,-157.35,0,0,0,5.22,0,0,0,3867.61,0,H. Carson,ENPG 2009,5.22
-155.17,33.65,497,22,7,2009,33.65,-155.17,0,0,0,10.16,0,0,0,4198.36,0,H. Carson,ENPG 2009,10.16
-151.12,34.93,498,23,7,2009,34.93,-151.12,0,0,0,17.62,0,0,0,16169.93,0,H. Carson,ENPG 2009,17.62
-147.03,36.12,499,24,7,2009,36.12,-147.03,0,0,0,26.26,0,0,0,34712.57,0,H. Carson,ENPG 2009,26.26
-142.1,37.48,500,25,7,2009,37.48,-142.1,0,0,0,5.33,0,0,0,6109.85,0,H. Carson,ENPG 2009,5.33
-138,37.85,501,26,7,2009,37.85,-138,0,0,0,0.61,0,0,0,277.21,0,H. Carson,ENPG 2009,0.61
-154.2,27.57,502,23,7,2009,27.57,-154.2,0,0,0,1.64,0,0,0,98.82,0,H. Carson,ENPG 2009,1.64
-150.62,29.73,503,25,7,2009,29.73,-150.62,0,0,0,10.45,0,0,0,4750.31,0,H. Carson,ENPG 2009,10.45
-148.8,31.07,504,26,7,2009,31.07,-148.8,0,0,0,9.23,0,0,0,8854.48,0,H. Carson,ENPG 2009,9.23
-147.42,32.57,505,27,7,2009,32.57,-147.42,0,0,0,4.51,0,0,0,3879.38,0,H. Carson,ENPG 2009,4.51
-145.82,34.43,506,28,7,2009,34.43,-145.82,0,0,0,5.31,0,0,0,3546.05,0,H. Carson,ENPG 2009,5.31
-144.9,36.5,507,29,7,2009,36.5,-144.9,0,0,0,9.21,0,0,0,7447.62,0,H. Carson,ENPG 2009,9.21
-143.48,37.97,508,30,7,2009,37.97,-143.48,0,0,0,8.32,0,0,0,4459.81,0,H. Carson,ENPG 2009,8.32
-157.38,27.57,509,30,7,2009,27.57,-157.38,0,0,0,1.2,0,0,0,89.44,0,H. Carson,ENPG 2009,1.2
-157.35,30.95,510,21,7,2009,30.95,-157.35,0,0,0,1.57,0,0,0,694.34,0,H. Carson,ENPG 2009,1.57
-156.93,33.4,511,22,7,2009,33.4,-156.93,0,0,0,5.75,0,0,0,4463.17,0,H. Carson,ENPG 2009,5.75
-153.25,34.5,512,23,7,2009,34.5,-153.25,0,0,0,5.41,0,0,0,2189.57,0,H. Carson,ENPG 2009,5.41
-149.88,35.42,513,24,7,2009,35.42,-149.88,0,0,0,5.47,0,0,0,4397.28,0,H. Carson,ENPG 2009,5.47
-146.33,36,514,25,7,2009,36,-146.33,0,0,0,5.17,0,0,0,2131.34,0,H. Carson,ENPG 2009,5.17
-142.08,36.5,515,26,7,2009,36.5,-142.08,0,0,0,8.36,0,0,0,1794.93,0,H. Carson,ENPG 2009,8.36
-138.92,37.17,516,27,7,2009,37.17,-138.92,0,0,0,0.73,0,0,0,1009.66,0,H. Carson,ENPG 2009,0.73
-138.9,37.15,517,28,7,2009,37.15,-138.9,0,0,0,0.49,0,0,0,24.56,0,H. Carson,ENPG 2009,0.49
-148.54,36.27,518,9,8,9,36.27,-148.54,0,0,0,98.92,0,0,0,34438.77,0,H. Carson,ENPG 2009,98.92
-139.9,35.62,519,12,8,9,35.62,-139.9,0,0,0,6.92,0,0,0,4551.01,0,H. Carson,ENPG 2009,6.92
-136.77,35.4,520,13,8,2009,35.4,-136.77,0,0,0,1.53,0,0,0,2255.39,0,H. Carson,ENPG 2009,1.53
-159.52,22.42,521,19,8,2009,22.42,-159.52,0,0,0,0.44,0,0,0,26.42,0,H. Carson,ENPG 2009,0.44
-159.47,24.67,522,20,8,2009,24.67,-159.47,0,0,0,0,0,0,0,0,0,H. Carson,ENPG 2009,0
-158.3,27.49,523,21,8,2009,27.49,-158.3,0,0,0,4.11,0,0,0,315.54,0,H. Carson,ENPG 2009,4.11
-157.6,32.35,524,23,8,2009,32.35,-157.6,0,0,0,9.24,0,0,0,4870.07,0,H. Carson,ENPG 2009,9.24
-155.83,33.95,525,24,8,2009,33.95,-155.83,0,0,0,20.71,0,0,0,8941.12,0,H. Carson,ENPG 2009,20.71
-152.53,35.87,526,25,8,2009,35.87,-152.53,0,0,0,12.58,0,0,0,9651,0,H. Carson,ENPG 2009,12.58
-148.65,37.07,527,27,8,2009,37.07,-148.65,0,0,0,13.01,0,0,0,5246.81,0,H. Carson,ENPG 2009,13.01
-142.15,36.13,528,28,8,2009,36.13,-142.15,0,0,0,587.33,0,0,0,108840.82,0,H. Carson,ENPG 2009,587.33
-139.44,35.55,529,29,8,2009,35.55,-139.44,0,0,0,8.22,0,0,0,4800.05,0,H. Carson,ENPG 2009,8.22
-136.82,34.81,530,30,8,2009,34.81,-136.82,0,0,0,2.75,0,0,0,549.35,0,H. Carson,ENPG 2009,2.75
-133.74,34.59,531,31,8,2009,34.59,-133.74,0,0,0,0.89,0,0,0,832.35,0,H. Carson,ENPG 2009,0.89
-131.54,34.74,532,1,9,9,34.74,-131.54,0,0,0,0.5,0,0,0,25.08,0,H. Carson,ENPG 2009,0.5
-129.16,34.67,533,2,9,9,34.67,-129.16,0,0,0,0.52,0,0,0,1058.45,0,H. Carson,ENPG 2009,0.52
6.41,42.99,1052,20,5,2008,42.99,6.41,0,0,0,0,0,0,0,0,0,F.Galgani,Macroplastic observations MED-2008-raw data-ifremer,0
6.47,42.99,1053,20,5,2008,42.99,6.47,0,0,0,0,0,0,0,0,0.5,F.Galgani,Macroplastic observations MED-2008-raw data-ifremer,0
6.5,42.99,1054,20,5,2008,42.99,6.5,0,0,0,0,0,0,0,0,1,F.Galgani,Macroplastic observations MED-2008-raw data-ifremer,0
6.56,42.98,1055,20,5,2008,42.98,6.56,0,0,0,1.96,0,0,0,19.6,1,F.Galgani,Macroplastic observations MED-2008-raw data-ifremer,1.96
6.62,42.97,1056,20,5,2008,42.97,6.62,0,0,0,0,0,0,0,0,1,F.Galgani,Macroplastic observations MED-2008-raw data-ifremer,0
6.97,43.14,1057,20,5,2008,43.14,6.97,0,0,0,0,0,0,0,0,1,F.Galgani,Macroplastic observations MED-2008-raw data-ifremer,0
7.01,43.18,1058,20,5,2008,43.18,7.01,0,0,0,1.96,0,0,0,19.6,1,F.Galgani,Macroplastic observations MED-2008-raw data-ifremer,1.96
7.05,43.22,1059,20,5,2008,43.22,7.05,0,0,0,3.93,0,0,0,196,1,F.Galgani,Macroplastic observations MED-2008-raw data-ifremer,3.93
7.09,43.26,1060,20,5,2008,43.26,7.09,0,0,0,0,0,0,0,0,2,F.Galgani,Macroplastic observations MED-2008-raw data-ifremer,0
7.12,43.29,1061,20,5,2008,43.29,7.12,0,0,0,0,0,0,0,0,2,F.Galgani,Macroplastic observations MED-2008-raw data-ifremer,0
7.16,43.33,1062,20,5,2008,43.33,7.16,0,0,0,0,0,0,0,0,2,F.Galgani,Macroplastic observations MED-2008-raw data-ifremer,0
7.2,43.37,1063,20,5,2008,43.37,7.2,0,0,0,0,0,0,0,0,2,F.Galgani,Macroplastic observations MED-2008-raw data-ifremer,0
7.17,43.39,1064,20,5,2008,43.39,7.17,0,0,0,3.93,0,0,0,2044.7,2,F.Galgani,Macroplastic observations MED-2008-raw data-ifremer,3.93
7.08,43.41,1065,20,5,2008,43.41,7.08,0,0,0,7.86,0,0,0,78.4,2,F.Galgani,Macroplastic observations MED-2008-raw data-ifremer,7.86
7.02,43.42,1066,20,5,2008,43.42,7.02,0,0,0,0,0,0,0,0,2,F.Galgani,Macroplastic observations MED-2008-raw data-ifremer,0
6.92,43.38,1067,21,5,2008,43.38,6.92,0,0,0,0,0,0,0,0,2,F.Galgani,Macroplastic observations MED-2008-raw data-ifremer,0
6.98,43.38,1068,21,5,2008,43.38,6.98,0,0,0,0,0,0,0,0,2,F.Galgani,Macroplastic observations MED-2008-raw data-ifremer,0
7.04,43.38,1069,21,5,2008,43.38,7.04,0,0,0,5.89,0,0,0,58.8,2,F.Galgani,Macroplastic observations MED-2008-raw data-ifremer,5.89
7.09,43.37,1070,21,5,2008,43.37,7.09,0,0,0,3.93,0,0,0,39.2,1,F.Galgani,Macroplastic observations MED-2008-raw data-ifremer,3.93
7.15,43.37,1071,21,5,2008,43.37,7.15,0,0,0,7.86,0,0,0,1902.6,0.5,F.Galgani,Macroplastic observations MED-2008-raw data-ifremer,7.86
7.2,43.37,1072,21,5,2008,43.37,7.2,0,0,0,0,0,0,0,0,1.5,F.Galgani,Macroplastic observations MED-2008-raw data-ifremer,0
7.27,43.37,1073,21,5,2008,43.37,7.27,0,0,0,5.89,0,0,0,215.6,1.5,F.Galgani,Macroplastic observations MED-2008-raw data-ifremer,5.89
7.34,43.38,1074,21,5,2008,43.38,7.34,0,0,0,3.93,0,0,0,196,2,F.Galgani,Macroplastic observations MED-2008-raw data-ifremer,3.93
7.31,43.36,1075,21,5,2008,43.36,7.31,0,0,0,1.96,0,0,0,19.6,2.5,F.Galgani,Macroplastic observations MED-2008-raw data-ifremer,1.96
7.24,43.35,1076,21,5,2008,43.35,7.24,0,0,0,1.96,0,0,0,176.4,2.5,F.Galgani,Macroplastic observations MED-2008-raw data-ifremer,1.96
7.17,43.33,1077,21,5,2008,43.33,7.17,0,0,0,0,0,0,0,0,2.5,F.Galgani,Macroplastic observations MED-2008-raw data-ifremer,0
7.1,43.31,1078,21,5,2008,43.31,7.1,0,0,0,3.93,0,0,0,39.2,2.5,F.Galgani,Macroplastic observations MED-2008-raw data-ifremer,3.93
6.89,43.27,1079,21,5,2008,43.27,6.89,0,0,0,0,0,0,0,0,2.5,F.Galgani,Macroplastic observations MED-2008-raw data-ifremer,0
6.92,43.3,1080,21,5,2008,43.3,6.92,0,0,0,3.93,0,0,0,39.2,2.5,F.Galgani,Macroplastic observations MED-2008-raw data-ifremer,3.93
6.97,43.31,1081,21,5,2008,43.31,6.97,0,0,0,0,0,0,0,0,2.5,F.Galgani,Macroplastic observations MED-2008-raw data-ifremer,0
7,43.35,1082,21,5,2008,43.35,7,0,0,0,0,0,0,0,0,2.5,F.Galgani,Macroplastic observations MED-2008-raw data-ifremer,0
7.03,43.38,1083,21,5,2008,43.38,7.03,0,0,0,0,0,0,0,0,2.5,F.Galgani,Macroplastic observations MED-2008-raw data-ifremer,0
7.47,43.69,1084,22,5,2008,43.69,7.47,0,0,0,0,0,0,0,0,2,F.Galgani,Macroplastic observations MED-2008-raw data-ifremer,0
7.5,43.65,1085,22,5,2008,43.65,7.5,0,0,0,0,0,0,0,0,2,F.Galgani,Macroplastic observations MED-2008-raw data-ifremer,0
7.53,43.52,1086,22,5,2008,43.52,7.53,0,0,0,0,0,0,0,0,2.5,F.Galgani,Macroplastic observations MED-2008-raw data-ifremer,0
7.46,43.5,1087,22,5,2008,43.5,7.46,0,0,0,25.54,0,0,0,668.2,2,F.Galgani,Macroplastic observations MED-2008-raw data-ifremer,25.54
7.08,43.48,1088,23,5,2008,43.48,7.08,0,0,0,0,0,0,0,0,1,F.Galgani,Macroplastic observations MED-2008-raw data-ifremer,0
7.13,43.46,1089,23,5,2008,43.46,7.13,0,0,0,1.96,0,0,0,176.4,1.5,F.Galgani,Macroplastic observations MED-2008-raw data-ifremer,1.96
7.19,43.44,1090,23,5,2008,43.44,7.19,0,0,0,1.96,0,0,0,19.6,2,F.Galgani,Macroplastic observations MED-2008-raw data-ifremer,1.96
7.25,43.42,1091,23,5,2008,43.42,7.25,0,0,0,3.93,0,0,0,39.2,2,F.Galgani,Macroplastic observations MED-2008-raw data-ifremer,3.93
7.31,43.4,1092,23,5,2008,43.4,7.31,0,0,0,3.93,0,0,0,155.2,1.5,F.Galgani,Macroplastic observations MED-2008-raw data-ifremer,3.93
7.36,43.38,1093,23,5,2008,43.38,7.36,0,0,0,1.96,0,0,0,2000.6,1.5,F.Galgani,Macroplastic observations MED-2008-raw data-ifremer,1.96
7.42,43.36,1094,23,5,2008,43.36,7.42,0,0,0,0,0,0,0,0,1,F.Galgani,Macroplastic observations MED-2008-raw data-ifremer,0
7.43,43.33,1095,23,5,2008,43.33,7.43,0,0,0,3.93,0,0,0,468.8,1,F.Galgani,Macroplastic observations MED-2008-raw data-ifremer,3.93
7.38,43.31,1096,23,5,2008,43.31,7.38,0,0,0,7.86,0,0,0,194.4,0.5,F.Galgani,Macroplastic observations MED-2008-raw data-ifremer,7.86
7.35,43.27,1097,23,5,2008,43.27,7.35,0,0,0,19.65,0,0,0,468.8,1.5,F.Galgani,Macroplastic observations MED-2008-raw data-ifremer,19.65
7.37,43.22,1098,23,5,2008,43.22,7.37,0,0,0,11.79,0,0,0,117.6,1.5,F.Galgani,Macroplastic observations MED-2008-raw data-ifremer,11.79
7.39,43.17,1099,23,5,2008,43.17,7.39,0,0,0,5.89,0,0,0,58.8,1.5,F.Galgani,Macroplastic observations MED-2008-raw data-ifremer,5.89
7.41,43.13,1100,23,5,2008,43.13,7.41,0,0,0,1.96,0,0,0,19.6,2,F.Galgani,Macroplastic observations MED-2008-raw data-ifremer,1.96
7.43,43.08,1101,23,5,2008,43.08,7.43,0,0,0,0,0,0,0,0,2,F.Galgani,Macroplastic observations MED-2008-raw data-ifremer,0
7.45,43.04,1102,23,5,2008,43.04,7.45,0,0,0,5.89,0,0,0,331.6,2.5,F.Galgani,Macroplastic observations MED-2008-raw data-ifremer,5.89
7.45,43,1103,23,5,2008,43,7.45,0,0,0,3.93,0,0,0,39.2,2,F.Galgani,Macroplastic observations MED-2008-raw data-ifremer,3.93
7.39,42.97,1104,23,5,2008,42.97,7.39,0,0,0,1.96,0,0,0,176.4,2,F.Galgani,Macroplastic observations MED-2008-raw data-ifremer,1.96
7.23,42.9,1105,23,5,2008,42.9,7.23,0,0,0,0,0,0,0,0,2.5,F.Galgani,Macroplastic observations MED-2008-raw data-ifremer,0
7.15,42.91,1106,23,5,2008,42.91,7.15,0,0,0,5.89,0,0,0,58.8,2.5,F.Galgani,Macroplastic observations MED-2008-raw data-ifremer,5.89
7.08,42.91,1107,23,5,2008,42.91,7.08,0,0,0,3.93,0,0,0,155.2,2.5,F.Galgani,Macroplastic observations MED-2008-raw data-ifremer,3.93
7,42.92,1108,23,5,2008,42.92,7,0,0,0,0,0,0,0,0,2.5,F.Galgani,Macroplastic observations MED-2008-raw data-ifremer,0
6.92,42.93,1109,23,5,2008,42.93,6.92,0,0,0,0,0,0,0,0,2,F.Galgani,Macroplastic observations MED-2008-raw data-ifremer,0
6.85,42.94,1110,23,5,2008,42.94,6.85,0,0,0,0,0,0,0,0,2,F.Galgani,Macroplastic observations MED-2008-raw data-ifremer,0
6.77,42.95,1111,23,5,2008,42.95,6.77,0,0,0,0,0,0,0,0,2,F.Galgani,Macroplastic observations MED-2008-raw data-ifremer,0
6.7,42.95,1112,23,5,2008,42.95,6.7,0,0,0,13.75,0,0,0,137.2,2,F.Galgani,Macroplastic observations MED-2008-raw data-ifremer,13.75
6.62,42.96,1113,23,5,2008,42.96,6.62,0,0,0,0,0,0,0,0,1,F.Galgani,Macroplastic observations MED-2008-raw data-ifremer,0
6.28,42.96,1114,30,5,2008,42.96,6.28,0,0,0,0,0,0,0,0,1,F.Galgani,Macroplastic observations MED-2008-raw data-ifremer,0
6.3,42.92,1115,30,5,2008,42.92,6.3,0,0,0,0,0,0,0,0,1,F.Galgani,Macroplastic observations MED-2008-raw data-ifremer,0
6.31,42.87,1116,30,5,2008,42.87,6.31,0,0,0,7.86,0,0,0,78.4,1.5,F.Galgani,Macroplastic observations MED-2008-raw data-ifremer,7.86
6.33,42.83,1117,30,5,2008,42.83,6.33,0,0,0,5.89,0,0,0,58.8,0.5,F.Galgani,Macroplastic observations MED-2008-raw data-ifremer,5.89
6.35,42.79,1118,30,5,2008,42.79,6.35,0,0,0,1.96,0,0,0,19.6,0.5,F.Galgani,Macroplastic observations MED-2008-raw data-ifremer,1.96
6.34,42.75,1119,30,5,2008,42.75,6.34,0,0,0,0,0,0,0,0,1,F.Galgani,Macroplastic observations MED-2008-raw data-ifremer,0
6.37,42.71,1120,30,5,2008,42.71,6.37,0,0,0,13.75,0,0,0,137.2,1,F.Galgani,Macroplastic observations MED-2008-raw data-ifremer,13.75
6.3,42.72,1121,30,5,2008,42.72,6.3,0,0,0,0,0,0,0,0,0.5,F.Galgani,Macroplastic observations MED-2008-raw data-ifremer,0
6.24,42.72,1122,30,5,2008,42.72,6.24,0,0,0,9.82,0,0,0,98,0.5,F.Galgani,Macroplastic observations MED-2008-raw data-ifremer,9.82
6.18,42.71,1123,30,5,2008,42.71,6.18,0,0,0,23.58,0,0,0,235.2,0,F.Galgani,Macroplastic observations MED-2008-raw data-ifremer,23.58
6.12,42.71,1124,30,5,2008,42.71,6.12,0,0,0,19.65,0,0,0,352.8,0,F.Galgani,Macroplastic observations MED-2008-raw data-ifremer,19.65
6.07,42.71,1125,30,5,2008,42.71,6.07,0,0,0,5.89,0,0,0,58.8,1,F.Galgani,Macroplastic observations MED-2008-raw data-ifremer,5.89
6.07,42.71,1126,30,5,2008,42.71,6.07,0,0,0,0,0,0,0,0,1,F.Galgani,Macroplastic observations MED-2008-raw data-ifremer,0
6.01,42.73,1127,30,5,2008,42.73,6.01,0,0,0,1.96,0,0,0,19.6,1,F.Galgani,Macroplastic observations MED-2008-raw data-ifremer,1.96
5.94,42.76,1128,30,5,2008,42.76,5.94,0,0,0,0,0,0,0,0,1.5,F.Galgani,Macroplastic observations MED-2008-raw data-ifremer,0
5.74,42.81,1129,30,5,2008,42.81,5.74,0,0,0,0,0,0,0,0,2,F.Galgani,Macroplastic observations MED-2008-raw data-ifremer,0
5.67,42.79,1130,30,5,2008,42.79,5.67,0,0,0,3.93,0,0,0,39.2,2,F.Galgani,Macroplastic observations MED-2008-raw data-ifremer,3.93
5.61,42.78,1131,30,5,2008,42.78,5.61,0,0,0,3.93,0,0,0,39.2,2,F.Galgani,Macroplastic observations MED-2008-raw data-ifremer,3.93
5.54,42.77,1132,30,5,2008,42.77,5.54,0,0,0,0,0,0,0,0,2,F.Galgani,Macroplastic observations MED-2008-raw data-ifremer,0
5.47,42.84,1133,31,5,2008,42.84,5.47,0,0,0,0,0,0,0,0,2,F.Galgani,Macroplastic observations MED-2008-raw data-ifremer,0
5.41,42.84,1134,31,5,2008,42.84,5.41,0,0,0,1.96,0,0,0,135.6,2,F.Galgani,Macroplastic observations MED-2008-raw data-ifremer,1.96
5.34,42.85,1135,31,5,2008,42.85,5.34,0,0,0,1.96,0,0,0,19.6,2,F.Galgani,Macroplastic observations MED-2008-raw data-ifremer,1.96
5.28,42.85,1136,31,5,2008,42.85,5.28,0,0,0,3.93,0,0,0,39.2,2,F.Galgani,Macroplastic observations MED-2008-raw data-ifremer,3.93
5.25,42.84,1137,31,5,2008,42.84,5.25,0,0,0,0,0,0,0,156.8,2,F.Galgani,Macroplastic observations MED-2008-raw data-ifremer,0
5.29,42.81,1138,31,5,2008,42.81,5.29,0,0,0,0,0,0,0,0,2.5,F.Galgani,Macroplastic observations MED-2008-raw data-ifremer,0
6.61,42.72,1139,2,6,8,42.72,6.61,0,0,0,0,0,0,0,0,2,F.Galgani,Macroplastic observations MED-2008-raw data-ifremer,0
6.65,42.68,1140,2,6,8,42.68,6.65,0,0,0,5.89,0,0,0,58.8,2,F.Galgani,Macroplastic observations MED-2008-raw data-ifremer,5.89
6.69,42.64,1141,2,6,8,42.64,6.69,0,0,0,5.89,0,0,0,215.6,2,F.Galgani,Macroplastic observations MED-2008-raw data-ifremer,5.89
6.74,42.6,1142,2,6,8,42.6,6.74,0,0,0,9.82,0,0,0,1922.2,2,F.Galgani,Macroplastic observations MED-2008-raw data-ifremer,9.82
6.79,42.56,1143,2,6,8,42.56,6.79,0,0,0,7.86,0,0,0,194.4,2,F.Galgani,Macroplastic observations MED-2008-raw data-ifremer,7.86
6.83,42.52,1144,2,6,8,42.52,6.83,0,0,0,3.93,0,0,0,39.2,2,F.Galgani,Macroplastic observations MED-2008-raw data-ifremer,3.93
6.88,42.48,1145,2,6,8,42.48,6.88,0,0,0,0,0,0,0,0,2.5,F.Galgani,Macroplastic observations MED-2008-raw data-ifremer,0
6.86,42.43,1146,2,6,8,42.43,6.86,0,0,0,0,0,0,0,0,2.5,F.Galgani,Macroplastic observations MED-2008-raw data-ifremer,0
6.91,42.4,1147,2,6,8,42.4,6.91,0,0,0,3.93,0,0,0,39.2,2.5,F.Galgani,Macroplastic observations MED-2008-raw data-ifremer,3.93
6.96,42.37,1148,2,6,8,42.37,6.96,0,0,0,17.68,0,0,0,646.8,2.5,F.Galgani,Macroplastic observations MED-2008-raw data-ifremer,17.68
7.01,42.34,1149,2,6,8,42.34,7.01,0,0,0,19.65,0,0,0,385.5,1,F.Galgani,Macroplastic observations MED-2008-raw data-ifremer,19.65
7.06,42.36,1150,2,6,8,42.36,7.06,0,0,0,0,0,0,0,0,2,F.Galgani,Macroplastic observations MED-2008-raw data-ifremer,0
7.07,42.4,1151,2,6,8,42.4,7.07,0,0,0,1.96,0,0,0,19.6,2,F.Galgani,Macroplastic observations MED-2008-raw data-ifremer,1.96
7.09,42.45,1152,2,6,8,42.45,7.09,0,0,0,3.93,0,0,0,39.2,2,F.Galgani,Macroplastic observations MED-2008-raw data-ifremer,3.93
7.09,42.46,1153,2,6,8,42.46,7.09,0,0,0,0,0,0,0,0,2,F.Galgani,Macroplastic observations MED-2008-raw data-ifremer,0
7.11,42.51,1154,2,6,8,42.51,7.11,0,0,0,3.93,0,0,0,352.8,2,F.Galgani,Macroplastic observations MED-2008-raw data-ifremer,3.93
7.13,42.56,1155,2,6,8,42.56,7.13,0,0,0,1.96,0,0,0,19.6,2,F.Galgani,Macroplastic observations MED-2008-raw data-ifremer,1.96
7.44,43.31,1156,3,6,8,43.31,7.44,0,0,0,0,0,0,0,0,1,F.Galgani,Macroplastic observations MED-2008-raw data-ifremer,0
7.43,43.34,1157,3,6,8,43.34,7.43,0,0,0,0,0,0,0,0,1,F.Galgani,Macroplastic observations MED-2008-raw data-ifremer,0
7.41,43.33,1158,3,6,8,43.33,7.41,0,0,0,0,0,0,0,0,1,F.Galgani,Macroplastic observations MED-2008-raw data-ifremer,0
7.39,43.32,1159,3,6,8,43.32,7.39,0,0,0,0,0,0,0,0,1,F.Galgani,Macroplastic observations MED-2008-raw data-ifremer,0
7.37,43.32,1160,3,6,8,43.32,7.37,0,0,0,0,0,0,0,0,1,F.Galgani,Macroplastic observations MED-2008-raw data-ifremer,0
7.35,43.33,1161,3,6,8,43.33,7.35,0,0,0,0,0,0,0,0,1,F.Galgani,Macroplastic observations MED-2008-raw data-ifremer,0
7.32,43.36,1162,3,6,8,43.36,7.32,0,0,0,3.93,0,0,0,196,1,F.Galgani,Macroplastic observations MED-2008-raw data-ifremer,3.93
7.36,43.39,1163,3,6,8,43.39,7.36,0,0,0,5.89,0,0,0,58.8,1,F.Galgani,Macroplastic observations MED-2008-raw data-ifremer,5.89
7.39,43.42,1164,3,6,8,43.42,7.39,0,0,0,5.89,0,0,0,58.8,1,F.Galgani,Macroplastic observations MED-2008-raw data-ifremer,5.89
7.43,43.46,1165,3,6,8,43.46,7.43,0,0,0,7.86,0,0,0,78.4,1,F.Galgani,Macroplastic observations MED-2008-raw data-ifremer,7.86
7.46,43.49,1166,3,6,8,43.49,7.46,0,0,0,5.89,0,0,0,215.6,1,F.Galgani,Macroplastic observations MED-2008-raw data-ifremer,5.89
7.5,43.53,1167,3,6,8,43.53,7.5,0,0,0,0,0,0,0,0,1.5,F.Galgani,Macroplastic observations MED-2008-raw data-ifremer,0
7.55,43.56,1168,3,6,8,43.56,7.55,0,0,0,1.96,0,0,0,19.6,1.5,F.Galgani,Macroplastic observations MED-2008-raw data-ifremer,1.96
7.59,43.54,1169,3,6,8,43.54,7.59,0,0,0,1.96,0,0,0,135.6,1,F.Galgani,Macroplastic observations MED-2008-raw data-ifremer,1.96
7.63,43.5,1170,3,6,8,43.5,7.63,0,0,0,1.96,0,0,0,333.2,1,F.Galgani,Macroplastic observations MED-2008-raw data-ifremer,1.96
7.63,43.5,1171,3,6,8,43.5,7.63,0,0,0,0,0,0,0,0,1,F.Galgani,Macroplastic observations MED-2008-raw data-ifremer,0
7.67,43.47,1172,3,6,8,43.47,7.67,0,0,0,21.61,0,0,0,372.4,1,F.Galgani,Macroplastic observations MED-2008-raw data-ifremer,21.61
7.71,43.44,1173,3,6,8,43.44,7.71,0,0,0,5.89,0,0,0,529.2,1.5,F.Galgani,Macroplastic observations MED-2008-raw data-ifremer,5.89
7.76,43.41,1174,3,6,8,43.41,7.76,0,0,0,7.86,0,0,0,392,2,F.Galgani,Macroplastic observations MED-2008-raw data-ifremer,7.86
7.74,43.38,1175,3,6,8,43.38,7.74,0,0,0,7.86,0,0,0,78.4,2,F.Galgani,Macroplastic observations MED-2008-raw data-ifremer,7.86
7.29,43.49,1176,4,6,8,43.49,7.29,0,0,0,0,0,0,0,0,2,F.Galgani,Macroplastic observations MED-2008-raw data-ifremer,0
7.33,43.46,1177,4,6,8,43.46,7.33,0,0,0,0,0,0,0,352.8,2,F.Galgani,Macroplastic observations MED-2008-raw data-ifremer,0
7.86,43.29,1178,4,6,8,43.29,7.86,0,0,0,0,0,0,0,0,0.5,F.Galgani,Macroplastic observations MED-2008-raw data-ifremer,0
7.84,43.34,1179,4,6,8,43.34,7.84,0,0,0,5.89,0,0,0,174.8,0,F.Galgani,Macroplastic observations MED-2008-raw data-ifremer,5.89
7.8,43.35,1180,4,6,8,43.35,7.8,0,0,0,3.93,0,0,0,2177,0,F.Galgani,Macroplastic observations MED-2008-raw data-ifremer,3.93
7.79,43.35,1181,4,6,8,43.35,7.79,0,0,0,0,0,0,0,0,0,F.Galgani,Macroplastic observations MED-2008-raw data-ifremer,0
7.73,43.37,1182,4,6,8,43.37,7.73,0,0,0,1.96,0,0,0,176.4,0.5,F.Galgani,Macroplastic observations MED-2008-raw data-ifremer,1.96
7.67,43.38,1183,4,6,8,43.38,7.67,0,0,0,0,0,0,0,156.8,1,F.Galgani,Macroplastic observations MED-2008-raw data-ifremer,0
7.61,43.4,1184,4,6,8,43.4,7.61,0,0,0,0,0,0,0,156.8,1,F.Galgani,Macroplastic observations MED-2008-raw data-ifremer,0
7.13,43.22,1185,5,6,8,43.22,7.13,0,0,0,0,0,0,0,0,2,F.Galgani,Macroplastic observations MED-2008-raw data-ifremer,0
7.12,43.16,1186,5,6,8,43.16,7.12,0,0,0,3.93,0,0,0,39.2,2,F.Galgani,Macroplastic observations MED-2008-raw data-ifremer,3.93
7,43.11,1187,5,6,8,43.11,7,0,0,0,0,0,0,0,0,2,F.Galgani,Macroplastic observations MED-2008-raw data-ifremer,0
6.94,43.09,1188,5,6,8,43.09,6.94,0,0,0,0,0,0,0,0,2,F.Galgani,Macroplastic observations MED-2008-raw data-ifremer,0
6.89,43.08,1189,5,6,8,43.08,6.89,0,0,0,1.96,0,0,0,19.6,2,F.Galgani,Macroplastic observations MED-2008-raw data-ifremer,1.96
6.89,43.12,1190,5,6,8,43.12,6.89,0,0,0,0,0,0,0,0,2,F.Galgani,Macroplastic observations MED-2008-raw data-ifremer,0
6.39,42.96,1191,18,8,2008,42.96,6.39,0,0,0,0,0,0,0,0,2,F.Galgani,Macroplastic observations MED-2008-raw data-ifremer,0
6.43,42.92,1192,18,8,2008,42.92,6.43,0,0,0,3.93,0,0,0,39.2,1.5,F.Galgani,Macroplastic observations MED-2008-raw data-ifremer,3.93
6.46,42.88,1193,18,8,2008,42.88,6.46,0,0,0,1.96,0,0,0,19.6,2,F.Galgani,Macroplastic observations MED-2008-raw data-ifremer,1.96
6.5,42.85,1194,18,8,2008,42.85,6.5,0,0,0,1.96,0,0,0,19.6,2,F.Galgani,Macroplastic observations MED-2008-raw data-ifremer,1.96
6.54,42.82,1195,18,8,2008,42.82,6.54,0,0,0,0,0,0,0,0,2,F.Galgani,Macroplastic observations MED-2008-raw data-ifremer,0
6.58,42.78,1196,18,8,2008,42.78,6.58,0,0,0,3.93,0,0,0,196,2,F.Galgani,Macroplastic observations MED-2008-raw data-ifremer,3.93
6.62,42.74,1197,18,8,2008,42.74,6.62,0,0,0,11.79,0,0,0,117.6,1.5,F.Galgani,Macroplastic observations MED-2008-raw data-ifremer,11.79
6.63,42.72,1198,18,8,2008,42.72,6.63,0,0,0,0,0,0,0,0,1,F.Galgani,Macroplastic observations MED-2008-raw data-ifremer,0
6.67,42.68,1199,18,8,2008,42.68,6.67,0,0,0,1.96,0,0,0,19.6,1,F.Galgani,Macroplastic observations MED-2008-raw data-ifremer,1.96
6.71,42.65,1200,18,8,2008,42.65,6.71,0,0,0,1.96,0,0,0,19.6,1,F.Galgani,Macroplastic observations MED-2008-raw data-ifremer,1.96
6.76,42.61,1201,18,8,2008,42.61,6.76,0,0,0,5.89,0,0,0,132.3,1,F.Galgani,Macroplastic observations MED-2008-raw data-ifremer,5.89
6.8,42.57,1202,18,8,2008,42.57,6.8,0,0,0,7.86,0,0,0,176.4,1,F.Galgani,Macroplastic observations MED-2008-raw data-ifremer,7.86
6.85,42.52,1203,18,8,2008,42.52,6.85,0,0,0,3.93,0,0,0,63.7,1,F.Galgani,Macroplastic observations MED-2008-raw data-ifremer,3.93
6.89,42.48,1204,18,8,2008,42.48,6.89,0,0,0,0,0,0,0,0,1,F.Galgani,Macroplastic observations MED-2008-raw data-ifremer,0
6.94,42.43,1205,18,8,2008,42.43,6.94,0,0,0,0,0,0,0,0,1,F.Galgani,Macroplastic observations MED-2008-raw data-ifremer,0
6.98,42.38,1206,18,8,2008,42.38,6.98,0,0,0,3.93,0,0,0,39.2,1,F.Galgani,Macroplastic observations MED-2008-raw data-ifremer,3.93
7.12,42.22,1207,19,8,2008,42.22,7.12,0,0,0,0,0,0,0,0,2,F.Galgani,Macroplastic observations MED-2008-raw data-ifremer,0
7.14,42.25,1208,19,8,2008,42.25,7.14,0,0,0,0,0,0,0,0,2,F.Galgani,Macroplastic observations MED-2008-raw data-ifremer,0
7.19,42.28,1209,19,8,2008,42.28,7.19,0,0,0,0,0,0,0,0,2,F.Galgani,Macroplastic observations MED-2008-raw data-ifremer,0
7.23,42.3,1210,19,8,2008,42.3,7.23,0,0,0,0,0,0,0,0,1,F.Galgani,Macroplastic observations MED-2008-raw data-ifremer,0
7.29,42.34,1211,19,8,2008,42.34,7.29,0,0,0,1.96,0,0,0,19.6,1,F.Galgani,Macroplastic observations MED-2008-raw data-ifremer,1.96
7.34,42.37,1212,19,8,2008,42.37,7.34,0,0,0,3.93,0,0,0,39.2,2,F.Galgani,Macroplastic observations MED-2008-raw data-ifremer,3.93
7.39,42.4,1213,19,8,2008,42.4,7.39,0,0,0,0,0,0,0,0,2,F.Galgani,Macroplastic observations MED-2008-raw data-ifremer,0
7.42,42.42,1214,19,8,2008,42.42,7.42,0,0,0,0,0,0,0,0,2,F.Galgani,Macroplastic observations MED-2008-raw data-ifremer,0
7.45,42.47,1215,19,8,2008,42.47,7.45,0,0,0,1.96,0,0,0,19.6,2,F.Galgani,Macroplastic observations MED-2008-raw data-ifremer,1.96
7.47,42.52,1216,19,8,2008,42.52,7.47,0,0,0,5.89,0,0,0,58.8,1.5,F.Galgani,Macroplastic observations MED-2008-raw data-ifremer,5.89
7.48,42.56,1217,19,8,2008,42.56,7.48,0,0,0,0,0,0,0,0,1.5,F.Galgani,Macroplastic observations MED-2008-raw data-ifremer,0
7.49,42.6,1218,19,8,2008,42.6,7.49,0,0,0,7.86,0,0,0,78.4,1.5,F.Galgani,Macroplastic observations MED-2008-raw data-ifremer,7.86
7.45,42.64,1219,19,8,2008,42.64,7.45,0,0,0,1.96,0,0,0,19.6,1,F.Galgani,Macroplastic observations MED-2008-raw data-ifremer,1.96
7.43,42.64,1220,19,8,2008,42.64,7.43,0,0,0,0,0,0,0,0,1,F.Galgani,Macroplastic observations MED-2008-raw data-ifremer,0
7.39,42.68,1221,19,8,2008,42.68,7.39,0,0,0,11.79,0,0,0,117.6,0.5,F.Galgani,Macroplastic observations MED-2008-raw data-ifremer,11.79
7.34,42.71,1222,19,8,2008,42.71,7.34,0,0,0,0,0,0,0,0,1,F.Galgani,Macroplastic observations MED-2008-raw data-ifremer,0
7.29,42.74,1223,19,8,2008,42.74,7.29,0,0,0,9.82,0,0,0,214,1,F.Galgani,Macroplastic observations MED-2008-raw data-ifremer,9.82
7.24,42.78,1224,19,8,2008,42.78,7.24,0,0,0,1.96,0,0,0,19.6,1,F.Galgani,Macroplastic observations MED-2008-raw data-ifremer,1.96
7.19,42.81,1225,19,8,2008,42.81,7.19,0,0,0,11.79,0,0,0,117.6,1,F.Galgani,Macroplastic observations MED-2008-raw data-ifremer,11.79
7.15,42.85,1226,19,8,2008,42.85,7.15,0,0,0,0,0,0,0,0,1,F.Galgani,Macroplastic observations MED-2008-raw data-ifremer,0
7.02,42.91,1227,19,8,2008,42.91,7.02,0,0,0,0,0,0,0,0,0,F.Galgani,Macroplastic observations MED-2008-raw data-ifremer,0
6.97,42.94,1228,19,8,2008,42.94,6.97,0,0,0,7.86,0,0,0,78.4,0,F.Galgani,Macroplastic observations MED-2008-raw data-ifremer,7.86
6.98,42.97,1229,19,8,2008,42.97,6.98,0,0,0,1.96,0,0,0,19.6,0,F.Galgani,Macroplastic observations MED-2008-raw data-ifremer,1.96
7.15,43.48,1230,21,8,2008,43.48,7.15,0,0,0,0,0,0,0,0,1.5,F.Galgani,Macroplastic observations MED-2008-raw data-ifremer,0
7.2,43.45,1231,21,8,2008,43.45,7.2,0,0,0,0,0,0,0,0,1.5,F.Galgani,Macroplastic observations MED-2008-raw data-ifremer,0
7.25,43.43,1232,21,8,2008,43.43,7.25,0,0,0,0,0,0,0,0,1.5,F.Galgani,Macroplastic observations MED-2008-raw data-ifremer,0
7.35,43.4,1233,21,8,2008,43.4,7.35,0,0,0,0,0,0,0,0,1.5,F.Galgani,Macroplastic observations MED-2008-raw data-ifremer,0
7.37,43.38,1234,21,8,2008,43.38,7.37,0,0,0,0,0,0,0,0,1.5,F.Galgani,Macroplastic observations MED-2008-raw data-ifremer,0
7.4,43.34,1235,21,8,2008,43.34,7.4,0,0,0,1.96,0,0,0,135.6,1.5,F.Galgani,Macroplastic observations MED-2008-raw data-ifremer,1.96
7.41,43.33,1236,21,8,2008,43.33,7.41,0,0,0,0,0,0,0,0,2,F.Galgani,Macroplastic observations MED-2008-raw data-ifremer,0
7.45,43.29,1237,21,8,2008,43.29,7.45,0,0,0,0,0,0,0,0,2,F.Galgani,Macroplastic observations MED-2008-raw data-ifremer,0
7.48,43.26,1238,21,8,2008,43.26,7.48,0,0,0,0,0,0,0,0,1.5,F.Galgani,Macroplastic observations MED-2008-raw data-ifremer,0
7.48,43.26,1239,21,8,2008,43.26,7.48,0,0,0,0,0,0,0,0,1,F.Galgani,Macroplastic observations MED-2008-raw data-ifremer,0
7.43,43.24,1240,21,8,2008,43.24,7.43,0,0,0,9.82,0,0,0,254.8,0.5,F.Galgani,Macroplastic observations MED-2008-raw data-ifremer,9.82
7.33,43.23,1241,21,8,2008,43.23,7.33,0,0,0,0,0,0,0,0,0,F.Galgani,Macroplastic observations MED-2008-raw data-ifremer,0
7.26,43.22,1242,21,8,2008,43.22,7.26,0,0,0,7.86,0,0,0,194.4,0,F.Galgani,Macroplastic observations MED-2008-raw data-ifremer,7.86
7.25,43.18,1243,21,8,2008,43.18,7.25,0,0,0,0,0,0,0,0,0.5,F.Galgani,Macroplastic observations MED-2008-raw data-ifremer,0
7.24,43.16,1244,21,8,2008,43.16,7.24,0,0,0,0,0,0,0,0,0.5,F.Galgani,Macroplastic observations MED-2008-raw data-ifremer,0
7.25,43.13,1245,21,8,2008,43.13,7.25,0,0,0,0,0,0,0,0,0.5,F.Galgani,Macroplastic observations MED-2008-raw data-ifremer,0
7.25,43.13,1246,21,8,2008,43.13,7.25,0,0,0,0,0,0,0,0,0.5,F.Galgani,Macroplastic observations MED-2008-raw data-ifremer,0
7.23,43.13,1247,21,8,2008,43.13,7.23,0,0,0,0,0,0,0,0,2,F.Galgani,Macroplastic observations MED-2008-raw data-ifremer,0
7.07,43.1,1248,21,8,2008,43.1,7.07,0,0,0,0,0,0,0,0,1.5,F.Galgani,Macroplastic observations MED-2008-raw data-ifremer,0
7.02,43.09,1249,21,8,2008,43.09,7.02,0,0,0,0,0,0,0,0,1.5,F.Galgani,Macroplastic observations MED-2008-raw data-ifremer,0
6.97,43,1250,22,8,2008,43,6.97,0,0,0,0,0,0,0,0,1,F.Galgani,Macroplastic observations MED-2008-raw data-ifremer,0
6.93,42.98,1251,22,8,2008,42.98,6.93,0,0,0,0,0,0,0,0,1,F.Galgani,Macroplastic observations MED-2008-raw data-ifremer,0
6.67,42.83,1252,22,8,2008,42.83,6.67,0,0,0,5.89,0,0,0,58.8,2,F.Galgani,Macroplastic observations MED-2008-raw data-ifremer,5.89
6.38,42.96,1253,14,10,2008,42.96,6.38,0,0,0,0,0,0,0,0,1.5,F.Galgani,Macroplastic observations MED-2008-raw data-ifremer,0
6.42,42.92,1254,14,10,2008,42.92,6.42,0,0,0,0,0,0,0,0,1.5,F.Galgani,Macroplastic observations MED-2008-raw data-ifremer,0
6.47,42.88,1255,14,10,2008,42.88,6.47,0,0,0,1.96,0,0,0,176.4,1.5,F.Galgani,Macroplastic observations MED-2008-raw data-ifremer,1.96
6.51,42.84,1256,14,10,2008,42.84,6.51,0,0,0,9.82,0,0,0,254.8,0,F.Galgani,Macroplastic observations MED-2008-raw data-ifremer,9.82
6.55,42.8,1257,14,10,2008,42.8,6.55,0,0,0,11.79,0,0,0,117.6,1.5,F.Galgani,Macroplastic observations MED-2008-raw data-ifremer,11.79
6.58,42.78,1258,14,10,2008,42.78,6.58,0,0,0,0,0,0,0,0,1.5,F.Galgani,Macroplastic observations MED-2008-raw data-ifremer,0
6.62,42.74,1259,14,10,2008,42.74,6.62,0,0,0,5.89,0,0,0,58.8,1.5,F.Galgani,Macroplastic observations MED-2008-raw data-ifremer,5.89
6.67,42.7,1260,14,10,2008,42.7,6.67,0,0,0,1.96,0,0,0,19.6,1.5,F.Galgani,Macroplastic observations MED-2008-raw data-ifremer,1.96
6.71,42.66,1261,14,10,2008,42.66,6.71,0,0,0,3.93,0,0,0,39.2,1.5,F.Galgani,Macroplastic observations MED-2008-raw data-ifremer,3.93
6.75,42.61,1262,14,10,2008,42.61,6.75,0,0,0,3.93,0,0,0,39.2,2,F.Galgani,Macroplastic observations MED-2008-raw data-ifremer,3.93
6.79,42.57,1263,14,10,2008,42.57,6.79,0,0,0,13.75,0,0,0,137.2,2,F.Galgani,Macroplastic observations MED-2008-raw data-ifremer,13.75
6.84,42.53,1264,14,10,2008,42.53,6.84,0,0,0,1.96,0,0,0,19.6,2.5,F.Galgani,Macroplastic observations MED-2008-raw data-ifremer,1.96
7.24,42.45,1265,14,10,2008,42.45,7.24,0,0,0,0,0,0,0,0,15,F.Galgani,Macroplastic observations MED-2008-raw data-ifremer,0
7.28,42.49,1266,14,10,2008,42.49,7.28,0,0,0,0,0,0,0,0,15,F.Galgani,Macroplastic observations MED-2008-raw data-ifremer,0
7.16,42.78,1267,15,10,2008,42.78,7.16,0,0,0,0,0,0,0,0,1,F.Galgani,Macroplastic observations MED-2008-raw data-ifremer,0
7.15,42.83,1268,15,10,2008,42.83,7.15,0,0,0,13.75,0,0,0,137.2,0,F.Galgani,Macroplastic observations MED-2008-raw data-ifremer,13.75
7.15,42.88,1269,15,10,2008,42.88,7.15,0,0,0,7.86,0,0,0,78.4,0,F.Galgani,Macroplastic observations MED-2008-raw data-ifremer,7.86
7.11,42.9,1270,15,10,2008,42.9,7.11,0,0,0,0,0,0,0,0,1,F.Galgani,Macroplastic observations MED-2008-raw data-ifremer,0
7.11,42.95,1271,15,10,2008,42.95,7.11,0,0,0,13.75,0,0,0,294,1,F.Galgani,Macroplastic observations MED-2008-raw data-ifremer,13.75
7.12,43,1272,15,10,2008,43,7.12,0,0,0,11.79,0,0,0,738.52,1,F.Galgani,Macroplastic observations MED-2008-raw data-ifremer,11.79
7.13,43.05,1273,15,10,2008,43.05,7.13,0,0,0,7.86,0,0,0,102.9,0,F.Galgani,Macroplastic observations MED-2008-raw data-ifremer,7.86
7.13,43.1,1274,15,10,2008,43.1,7.13,0,0,0,3.93,0,0,0,39.2,1,F.Galgani,Macroplastic observations MED-2008-raw data-ifremer,3.93
7.17,43.13,1275,15,10,2008,43.13,7.17,0,0,0,3.93,0,0,0,155.2,1,F.Galgani,Macroplastic observations MED-2008-raw data-ifremer,3.93
7.23,43.16,1276,15,10,2008,43.16,7.23,0,0,0,3.93,0,0,0,39.2,1,F.Galgani,Macroplastic observations MED-2008-raw data-ifremer,3.93
7.31,43.18,1277,15,10,2008,43.18,7.31,0,0,0,0,0,0,0,0,1,F.Galgani,Macroplastic observations MED-2008-raw data-ifremer,0
7.36,43.21,1278,15,10,2008,43.21,7.36,0,0,0,11.79,0,0,0,117.6,1,F.Galgani,Macroplastic observations MED-2008-raw data-ifremer,11.79
7.41,43.25,1279,15,10,2008,43.25,7.41,0,0,0,3.93,0,0,0,39.2,1,F.Galgani,Macroplastic observations MED-2008-raw data-ifremer,3.93
7.46,43.28,1280,15,10,2008,43.28,7.46,0,0,0,3.93,0,0,0,271.3,1,F.Galgani,Macroplastic observations MED-2008-raw data-ifremer,3.93
7.5,43.31,1281,15,10,2008,43.31,7.5,0,0,0,3.93,0,0,0,39.2,1,F.Galgani,Macroplastic observations MED-2008-raw data-ifremer,3.93
7.51,43.32,1282,15,10,2008,43.32,7.51,0,0,0,0,0,0,0,0,1,F.Galgani,Macroplastic observations MED-2008-raw data-ifremer,0
7.46,43.35,1283,15,10,2008,43.35,7.46,0,0,0,5.89,0,0,0,174.8,1,F.Galgani,Macroplastic observations MED-2008-raw data-ifremer,5.89
7.4,43.38,1284,15,10,2008,43.38,7.4,0,0,0,1.96,0,0,0,19.6,1,F.Galgani,Macroplastic observations MED-2008-raw data-ifremer,1.96
7.35,43.42,1285,15,10,2008,43.42,7.35,0,0,0,1.96,0,0,0,19.6,1,F.Galgani,Macroplastic observations MED-2008-raw data-ifremer,1.96
7.3,43.46,1286,15,10,2008,43.46,7.3,0,0,0,0,0,0,0,0,1.5,F.Galgani,Macroplastic observations MED-2008-raw data-ifremer,0
7.25,43.5,1287,15,10,2008,43.5,7.25,0,0,0,9.82,0,0,0,254.8,1.5,F.Galgani,Macroplastic observations MED-2008-raw data-ifremer,9.82
7.21,43.53,1288,15,10,2008,43.53,7.21,0,0,0,9.82,0,0,0,98,1.5,F.Galgani,Macroplastic observations MED-2008-raw data-ifremer,9.82
7.21,43.28,1289,9,9,8,43.28,7.21,0,0,0,0,0,0,0,0,2,F.Galgani,Macroplastic observations MED-2008-raw data-ifremer,0
7.27,43.26,1290,9,9,8,43.26,7.27,0,0,0,0,0,0,0,0,2,F.Galgani,Macroplastic observations MED-2008-raw data-ifremer,0
7.31,43.23,1291,9,9,8,43.23,7.31,0,0,0,0,0,0,0,0,2,F.Galgani,Macroplastic observations MED-2008-raw data-ifremer,0
7.32,43.21,1292,9,9,8,43.21,7.32,0,0,0,0,0,0,0,0,1,F.Galgani,Macroplastic observations MED-2008-raw data-ifremer,0
7.35,43.17,1293,9,9,8,43.17,7.35,0,0,0,0,0,0,0,0,1,F.Galgani,Macroplastic observations MED-2008-raw data-ifremer,0
7.37,43.14,1294,9,9,8,43.14,7.37,0,0,0,0,0,0,0,0,1,F.Galgani,Macroplastic observations MED-2008-raw data-ifremer,0
7.4,43.1,1295,9,9,8,43.1,7.4,0,0,0,1.96,0,0,0,19.6,1,F.Galgani,Macroplastic observations MED-2008-raw data-ifremer,1.96
7.43,43.05,1296,9,9,8,43.05,7.43,0,0,0,1.96,0,0,0,19.6,1.5,F.Galgani,Macroplastic observations MED-2008-raw data-ifremer,1.96
7.45,43.04,1297,9,9,8,43.04,7.45,0,0,0,0,0,0,0,0,2,F.Galgani,Macroplastic observations MED-2008-raw data-ifremer,0
7.48,42.99,1298,9,9,8,42.99,7.48,0,0,0,0,0,0,0,0,2.5,F.Galgani,Macroplastic observations MED-2008-raw data-ifremer,0
7.51,42.94,1299,9,9,8,42.94,7.51,0,0,0,0,0,0,0,0,3,F.Galgani,Macroplastic observations MED-2008-raw data-ifremer,0
8.52,42.51,1300,10,9,8,42.51,8.52,0,0,0,0,0,0,0,0,1,F.Galgani,Macroplastic observations MED-2008-raw data-ifremer,0
8.54,42.55,1301,10,9,8,42.55,8.54,0,0,0,1.96,0,0,0,135.6,1.5,F.Galgani,Macroplastic observations MED-2008-raw data-ifremer,1.96
8.56,42.6,1302,10,9,8,42.6,8.56,0,0,0,0,0,0,0,0,1,F.Galgani,Macroplastic observations MED-2008-raw data-ifremer,0
8.59,42.63,1303,10,9,8,42.63,8.59,0,0,0,0,0,0,0,0,2,F.Galgani,Macroplastic observations MED-2008-raw data-ifremer,0
8.62,42.66,1304,10,9,8,42.66,8.62,0,0,0,1.96,0,0,0,19.6,2,F.Galgani,Macroplastic observations MED-2008-raw data-ifremer,1.96
8.66,42.69,1305,10,9,8,42.69,8.66,0,0,0,0,0,0,0,0,2,F.Galgani,Macroplastic observations MED-2008-raw data-ifremer,0
8.66,42.73,1306,10,9,8,42.73,8.66,0,0,0,0,0,0,0,0,2,F.Galgani,Macroplastic observations MED-2008-raw data-ifremer,0
8.66,42.78,1307,10,9,8,42.78,8.66,0,0,0,0,0,0,0,0,2,F.Galgani,Macroplastic observations MED-2008-raw data-ifremer,0
8.4,43.11,1308,10,9,8,43.11,8.4,0,0,0,0,0,0,0,0,2,F.Galgani,Macroplastic observations MED-2008-raw data-ifremer,0
8.36,43.13,1309,10,9,8,43.13,8.36,0,0,0,0,0,0,0,0,2,F.Galgani,Macroplastic observations MED-2008-raw data-ifremer,0
8.29,43.17,1310,11,9,8,43.17,8.29,0,0,0,0,0,0,0,0,2,F.Galgani,Macroplastic observations MED-2008-raw data-ifremer,0
8.33,43.15,1311,11,9,8,43.15,8.33,0,0,0,0,0,0,0,0,1.5,F.Galgani,Macroplastic observations MED-2008-raw data-ifremer,0
8.32,43.15,1312,11,9,8,43.15,8.32,0,0,0,0,0,0,0,0,1.5,F.Galgani,Macroplastic observations MED-2008-raw data-ifremer,0
8.28,43.11,1313,11,9,8,43.11,8.28,0,0,0,1.96,0,0,0,292.4,1,F.Galgani,Macroplastic observations MED-2008-raw data-ifremer,1.96
8.25,43.08,1314,11,9,8,43.08,8.25,0,0,0,0,0,0,0,0,1,F.Galgani,Macroplastic observations MED-2008-raw data-ifremer,0
8.24,43.08,1315,11,9,8,43.08,8.24,0,0,0,0,0,0,0,0,1,F.Galgani,Macroplastic observations MED-2008-raw data-ifremer,0
8.2,43.05,1316,11,9,8,43.05,8.2,0,0,0,0,0,0,0,0,1,F.Galgani,Macroplastic observations MED-2008-raw data-ifremer,0
8.16,43.01,1317,11,9,8,43.01,8.16,0,0,0,1.96,0,0,0,19.6,0.5,F.Galgani,Macroplastic observations MED-2008-raw data-ifremer,1.96
8.11,42.98,1318,11,9,8,42.98,8.11,0,0,0,0,0,0,0,0,0.5,F.Galgani,Macroplastic observations MED-2008-raw data-ifremer,0
8.05,42.99,1319,11,9,8,42.99,8.05,0,0,0,0,0,0,0,0,1,F.Galgani,Macroplastic observations MED-2008-raw data-ifremer,0
8.04,42.99,1320,11,9,8,42.99,8.04,0,0,0,0,0,0,0,0,1,F.Galgani,Macroplastic observations MED-2008-raw data-ifremer,0
7.97,43.02,1321,11,9,8,43.02,7.97,0,0,0,0,0,0,0,0,1.5,F.Galgani,Macroplastic observations MED-2008-raw data-ifremer,0
7.85,43.07,1322,11,9,8,43.07,7.85,0,0,0,0,0,0,0,0,1.5,F.Galgani,Macroplastic observations MED-2008-raw data-ifremer,0
7.81,43.09,1323,11,9,8,43.09,7.81,0,0,0,0,0,0,0,0,3,F.Galgani,Macroplastic observations MED-2008-raw data-ifremer,0
7.76,43.1,1324,11,9,8,43.1,7.76,0,0,0,1.96,0,0,0,19.6,2.5,F.Galgani,Macroplastic observations MED-2008-raw data-ifremer,1.96
7.69,43.11,1325,11,9,8,43.11,7.69,0,0,0,5.89,0,0,0,271.3,1,F.Galgani,Macroplastic observations MED-2008-raw data-ifremer,5.89
7.64,43.11,1326,11,9,8,43.11,7.64,0,0,0,0,0,0,0,0,1,F.Galgani,Macroplastic observations MED-2008-raw data-ifremer,0
7.65,43.13,1327,11,9,8,43.13,7.65,0,0,0,0,0,0,0,0,1,F.Galgani,Macroplastic observations MED-2008-raw data-ifremer,0
7.59,43.13,1328,11,9,8,43.13,7.59,0,0,0,1.96,0,0,0,19.6,1,F.Galgani,Macroplastic observations MED-2008-raw data-ifremer,1.96
7.53,43.12,1329,11,9,8,43.12,7.53,0,0,0,1.96,0,0,0,19.6,1,F.Galgani,Macroplastic observations MED-2008-raw data-ifremer,1.96
7.47,43.12,1330,11,9,8,43.12,7.47,0,0,0,0,0,0,0,0,1,F.Galgani,Macroplastic observations MED-2008-raw data-ifremer,0
6.78,42.86,1331,16,9,2008,42.86,6.78,0,0,0,0,0,0,0,0,2,F.Galgani,Macroplastic observations MED-2008-raw data-ifremer,0
6.82,42.88,1332,16,9,2008,42.88,6.82,0,0,0,0,0,0,0,0,2,F.Galgani,Macroplastic observations MED-2008-raw data-ifremer,0
6.86,42.9,1333,16,9,2008,42.9,6.86,0,0,0,0,0,0,0,0,2,F.Galgani,Macroplastic observations MED-2008-raw data-ifremer,0
6.9,42.92,1334,16,9,2008,42.92,6.9,0,0,0,0,0,0,0,0,2,F.Galgani,Macroplastic observations MED-2008-raw data-ifremer,0
6.94,42.94,1335,16,9,2008,42.94,6.94,0,0,0,3.93,0,0,0,39.2,2.5,F.Galgani,Macroplastic observations MED-2008-raw data-ifremer,3.93
6.99,42.96,1336,16,9,2008,42.96,6.99,0,0,0,0,0,0,0,0,2,F.Galgani,Macroplastic observations MED-2008-raw data-ifremer,0
7.03,42.98,1337,16,9,2008,42.98,7.03,0,0,0,1.96,0,0,0,19.6,2,F.Galgani,Macroplastic observations MED-2008-raw data-ifremer,1.96
7.04,42.99,1338,16,9,2008,42.99,7.04,0,0,0,0,0,0,0,0,2,F.Galgani,Macroplastic observations MED-2008-raw data-ifremer,0
7.06,43.02,1339,16,9,2008,43.02,7.06,0,0,0,0,0,0,0,313.6,2,F.Galgani,Macroplastic observations MED-2008-raw data-ifremer,0
7.08,43.07,1340,16,9,2008,43.07,7.08,0,0,0,1.96,0,0,0,19.6,1.5,F.Galgani,Macroplastic observations MED-2008-raw data-ifremer,1.96
7.1,43.1,1341,16,9,2008,43.1,7.1,0,0,0,3.93,0,0,0,39.2,1.5,F.Galgani,Macroplastic observations MED-2008-raw data-ifremer,3.93
7.09,43.13,1342,16,9,2008,43.13,7.09,0,0,0,0,0,0,0,0,0.5,F.Galgani,Macroplastic observations MED-2008-raw data-ifremer,0
7.12,43.17,1343,16,9,2008,43.17,7.12,0,0,0,3.93,0,0,0,39.2,1,F.Galgani,Macroplastic observations MED-2008-raw data-ifremer,3.93
7.15,43.19,1344,16,9,2008,43.19,7.15,0,0,0,0,0,0,0,0,1,F.Galgani,Macroplastic observations MED-2008-raw data-ifremer,0
7.18,43.23,1345,16,9,2008,43.23,7.18,0,0,0,0,0,0,0,0,1,F.Galgani,Macroplastic observations MED-2008-raw data-ifremer,0
6.83,42.87,1346,17,9,2008,42.87,6.83,0,0,0,0,0,0,0,0,1,F.Galgani,Macroplastic observations MED-2008-raw data-ifremer,0
6.77,42.86,1347,17,9,2008,42.86,6.77,0,0,0,1.96,0,0,0,19.6,2,F.Galgani,Macroplastic observations MED-2008-raw data-ifremer,1.96
6.7,42.84,1348,17,9,2008,42.84,6.7,0,0,0,1.96,0,0,0,19.6,0,F.Galgani,Macroplastic observations MED-2008-raw data-ifremer,1.96
6.65,42.83,1349,17,9,2008,42.83,6.65,0,0,0,7.86,0,0,0,351.2,0,F.Galgani,Macroplastic observations MED-2008-raw data-ifremer,7.86
6.61,42.83,1350,17,9,2008,42.83,6.61,0,0,0,0,0,0,0,0,2,F.Galgani,Macroplastic observations MED-2008-raw data-ifremer,0
6.55,42.82,1351,17,9,2008,42.82,6.55,0,0,0,0,0,0,0,156.8,1,F.Galgani,Macroplastic observations MED-2008-raw data-ifremer,0
6.49,42.8,1352,17,9,2008,42.8,6.49,0,0,0,3.93,0,0,0,39.2,2.5,F.Galgani,Macroplastic observations MED-2008-raw data-ifremer,3.93
6.47,42.81,1353,17,9,2008,42.81,6.47,0,0,0,0,0,0,0,0,2.5,F.Galgani,Macroplastic observations MED-2008-raw data-ifremer,0
6.41,42.79,1354,17,9,2008,42.79,6.41,0,0,0,0,0,0,0,0,2.5,F.Galgani,Macroplastic observations MED-2008-raw data-ifremer,0
6.35,42.77,1355,17,9,2008,42.77,6.35,0,0,0,1.96,0,0,0,19.6,2,F.Galgani,Macroplastic observations MED-2008-raw data-ifremer,1.96
6.35,42.72,1356,17,9,2008,42.72,6.35,0,0,0,0,0,0,0,0,2,F.Galgani,Macroplastic observations MED-2008-raw data-ifremer,0
6.29,42.72,1357,17,9,2008,42.72,6.29,0,0,0,1.96,0,0,0,19.6,1,F.Galgani,Macroplastic observations MED-2008-raw data-ifremer,1.96
6.23,42.72,1358,17,9,2008,42.72,6.23,0,0,0,0,0,0,0,0,2,F.Galgani,Macroplastic observations MED-2008-raw data-ifremer,0
6.24,42.71,1359,17,9,2008,42.71,6.24,0,0,0,0,0,0,0,0,2,F.Galgani,Macroplastic observations MED-2008-raw data-ifremer,0
6.24,42.71,1360,17,9,2008,42.71,6.24,0,0,0,0,0,0,0,0,2,F.Galgani,Macroplastic observations MED-2008-raw data-ifremer,0
6.21,42.67,1361,17,9,2008,42.67,6.21,0,0,0,1.96,0,0,0,19.6,1,F.Galgani,Macroplastic observations MED-2008-raw data-ifremer,1.96
6.19,42.62,1362,17,9,2008,42.62,6.19,0,0,0,1.96,0,0,0,19.6,1,F.Galgani,Macroplastic observations MED-2008-raw data-ifremer,1.96
6.17,42.58,1363,17,9,2008,42.58,6.17,0,0,0,1.96,0,0,0,19.6,1,F.Galgani,Macroplastic observations MED-2008-raw data-ifremer,1.96
6.15,42.53,1364,17,9,2008,42.53,6.15,0,0,0,0,0,0,0,0,1,F.Galgani,Macroplastic observations MED-2008-raw data-ifremer,0
6.13,42.49,1365,17,9,2008,42.49,6.13,0,0,0,0,0,0,0,0,1,F.Galgani,Macroplastic observations MED-2008-raw data-ifremer,0
6.06,42.51,1366,18,9,2008,42.51,6.06,0,0,0,0,0,0,0,0,1,F.Galgani,Macroplastic observations MED-2008-raw data-ifremer,0
6.01,42.52,1367,18,9,2008,42.52,6.01,0,0,0,0,0,0,0,0,1,F.Galgani,Macroplastic observations MED-2008-raw data-ifremer,0
5.96,42.53,1368,18,9,2008,42.53,5.96,0,0,0,0,0,0,0,0,1,F.Galgani,Macroplastic observations MED-2008-raw data-ifremer,0
5.9,42.55,1369,18,9,2008,42.55,5.9,0,0,0,1.96,0,0,0,19.6,1,F.Galgani,Macroplastic observations MED-2008-raw data-ifremer,1.96
5.89,42.58,1370,18,9,2008,42.58,5.89,0,0,0,0,0,0,0,0,2,F.Galgani,Macroplastic observations MED-2008-raw data-ifremer,0
5.92,42.62,1371,18,9,2008,42.62,5.92,0,0,0,1.96,0,0,0,176.4,2,F.Galgani,Macroplastic observations MED-2008-raw data-ifremer,1.96
5.94,42.67,1372,18,9,2008,42.67,5.94,0,0,0,3.93,0,0,0,196,2,F.Galgani,Macroplastic observations MED-2008-raw data-ifremer,3.93
5.96,42.7,1373,18,9,2008,42.7,5.96,0,0,0,3.93,0,0,0,39.2,3,F.Galgani,Macroplastic observations MED-2008-raw data-ifremer,3.93
5.97,42.79,1374,18,9,2008,42.79,5.97,0,0,0,0,0,0,0,0,3,F.Galgani,Macroplastic observations MED-2008-raw data-ifremer,0
6.02,42.77,1375,18,9,2008,42.77,6.02,0,0,0,0,0,0,0,0,3,F.Galgani,Macroplastic observations MED-2008-raw data-ifremer,0
6.07,42.74,1376,18,9,2008,42.74,6.07,0,0,0,1.96,0,0,0,19.6,3,F.Galgani,Macroplastic observations MED-2008-raw data-ifremer,1.96
6.11,42.72,1377,18,9,2008,42.72,6.11,0,0,0,1.96,0,0,0,19.6,2,F.Galgani,Macroplastic observations MED-2008-raw data-ifremer,1.96
6.16,42.72,1378,18,9,2008,42.72,6.16,0,0,0,1.96,0,0,0,19.6,1,F.Galgani,Macroplastic observations MED-2008-raw data-ifremer,1.96
6.22,42.73,1379,18,9,2008,42.73,6.22,0,0,0,5.89,0,0,0,58.8,1,F.Galgani,Macroplastic observations MED-2008-raw data-ifremer,5.89
6.27,42.75,1380,18,9,2008,42.75,6.27,0,0,0,0,0,0,0,0,1,F.Galgani,Macroplastic observations MED-2008-raw data-ifremer,0
6.28,42.8,1381,18,9,2008,42.8,6.28,0,0,0,0,0,0,0,0,1,F.Galgani,Macroplastic observations MED-2008-raw data-ifremer,0
6.33,42.79,1382,18,9,2008,42.79,6.33,0,0,0,1.96,0,0,0,19.6,1,F.Galgani,Macroplastic observations MED-2008-raw data-ifremer,1.96
6.34,42.78,1383,18,9,2008,42.78,6.34,0,0,0,0,0,0,0,0,1,F.Galgani,Macroplastic observations MED-2008-raw data-ifremer,0
6.36,42.79,1384,18,9,2008,42.79,6.36,0,0,0,0,0,0,0,0,1,F.Galgani,Macroplastic observations MED-2008-raw data-ifremer,0
6.4,42.8,1385,18,9,2008,42.8,6.4,0,0,0,3.93,0,0,0,39.2,1,F.Galgani,Macroplastic observations MED-2008-raw data-ifremer,3.93
6.45,42.8,1386,18,9,2008,42.8,6.45,0,0,0,0,0,0,0,0,1,F.Galgani,Macroplastic observations MED-2008-raw data-ifremer,0
6.38,42.96,1387,22,9,2008,42.96,6.38,0,0,0,0,0,0,0,0,1,F.Galgani,Macroplastic observations MED-2008-raw data-ifremer,0
6.42,42.92,1388,22,9,2008,42.92,6.42,0,0,0,7.86,0,0,0,194.4,1,F.Galgani,Macroplastic observations MED-2008-raw data-ifremer,7.86
6.46,42.88,1389,22,9,2008,42.88,6.46,0,0,0,3.93,0,0,0,271.3,1,F.Galgani,Macroplastic observations MED-2008-raw data-ifremer,3.93
6.5,42.85,1390,22,9,2008,42.85,6.5,0,0,0,5.89,0,0,0,406.9,2,F.Galgani,Macroplastic observations MED-2008-raw data-ifremer,5.89
6.54,42.81,1391,22,9,2008,42.81,6.54,0,0,0,0,0,0,0,0,2,F.Galgani,Macroplastic observations MED-2008-raw data-ifremer,0
6.59,42.77,1392,22,9,2008,42.77,6.59,0,0,0,0,0,0,0,0,2,F.Galgani,Macroplastic observations MED-2008-raw data-ifremer,0
6.63,42.73,1393,22,9,2008,42.73,6.63,0,0,0,0,0,0,0,0,2,F.Galgani,Macroplastic observations MED-2008-raw data-ifremer,0
6.68,42.69,1394,22,9,2008,42.69,6.68,0,0,0,0,0,0,0,0,1,F.Galgani,Macroplastic observations MED-2008-raw data-ifremer,0
6.78,42.64,1395,22,9,2008,42.64,6.78,0,0,0,0,0,0,0,0,0,F.Galgani,Macroplastic observations MED-2008-raw data-ifremer,0
6.81,42.6,1396,22,9,2008,42.6,6.81,0,0,0,7.86,0,0,0,194.4,0,F.Galgani,Macroplastic observations MED-2008-raw data-ifremer,7.86
7.05,42.37,1397,22,9,2008,42.37,7.05,0,0,0,0,0,0,0,0,1,F.Galgani,Macroplastic observations MED-2008-raw data-ifremer,0
7.08,42.33,1398,22,9,2008,42.33,7.08,0,0,0,0,0,0,0,0,1,F.Galgani,Macroplastic observations MED-2008-raw data-ifremer,0
5.99,42.76,1399,23,9,2008,42.76,5.99,0,0,0,0,0,0,0,0,2,F.Galgani,Macroplastic observations MED-2008-raw data-ifremer,0
5.92,42.77,1400,23,9,2008,42.77,5.92,0,0,0,0,0,0,0,0,2,F.Galgani,Macroplastic observations MED-2008-raw data-ifremer,0
5.85,42.78,1401,23,9,2008,42.78,5.85,0,0,0,1.96,0,0,0,19.6,2,F.Galgani,Macroplastic observations MED-2008-raw data-ifremer,1.96
5.65,43.07,1402,24,9,2008,43.07,5.65,0,0,0,0,0,0,0,0,1,F.Galgani,Macroplastic observations MED-2008-raw data-ifremer,0
5.58,43.06,1403,24,9,2008,43.06,5.58,0,0,0,0,0,0,0,0,1,F.Galgani,Macroplastic observations MED-2008-raw data-ifremer,0
5.52,43.05,1404,24,9,2008,43.05,5.52,0,0,0,1.96,0,0,0,19.6,1,F.Galgani,Macroplastic observations MED-2008-raw data-ifremer,1.96
5.45,43.04,1405,24,9,2008,43.04,5.45,0,0,0,0,0,0,0,0,1,F.Galgani,Macroplastic observations MED-2008-raw data-ifremer,0
5.03,42.85,1406,24,9,2008,42.85,5.03,0,0,0,0,0,0,0,0,1,F.Galgani,Macroplastic observations MED-2008-raw data-ifremer,0
4.99,42.81,1407,24,9,2008,42.81,4.99,0,0,0,3.93,0,0,0,155.2,1,F.Galgani,Macroplastic observations MED-2008-raw data-ifremer,3.93
4.97,42.79,1408,24,9,2008,42.79,4.97,0,0,0,3.93,0,0,0,39.2,1,F.Galgani,Macroplastic observations MED-2008-raw data-ifremer,3.93
4.97,42.79,1409,24,9,2008,42.79,4.97,0,0,0,0,0,0,0,0,1,F.Galgani,Macroplastic observations MED-2008-raw data-ifremer,0
4.96,42.77,1410,24,9,2008,42.77,4.96,0,0,0,1.96,0,0,0,19.6,1,F.Galgani,Macroplastic observations MED-2008-raw data-ifremer,1.96
4.96,42.72,1411,24,9,2008,42.72,4.96,0,0,0,0,0,0,0,0,0.5,F.Galgani,Macroplastic observations MED-2008-raw data-ifremer,0
4.96,42.67,1412,24,9,2008,42.67,4.96,0,0,0,1.96,0,0,0,19.6,0.5,F.Galgani,Macroplastic observations MED-2008-raw data-ifremer,1.96
4.98,42.63,1413,24,9,2008,42.63,4.98,0,0,0,1.96,0,0,0,19.6,0.5,F.Galgani,Macroplastic observations MED-2008-raw data-ifremer,1.96
5.02,42.59,1414,24,9,2008,42.59,5.02,0,0,0,0,0,0,0,0,1,F.Galgani,Macroplastic observations MED-2008-raw data-ifremer,0
5.05,42.55,1415,24,9,2008,42.55,5.05,0,0,0,0,0,0,0,0,1,F.Galgani,Macroplastic observations MED-2008-raw data-ifremer,0
5.09,42.51,1416,24,9,2008,42.51,5.09,0,0,0,0,0,0,0,156.8,2,F.Galgani,Macroplastic observations MED-2008-raw data-ifremer,0
5.72,42.9,1417,25,9,2008,42.9,5.72,0,0,0,0,0,0,0,0,1.5,F.Galgani,Macroplastic observations MED-2008-raw data-ifremer,0
5.78,42.89,1418,25,9,2008,42.89,5.78,0,0,0,1.96,0,0,0,19.6,1.5,F.Galgani,Macroplastic observations MED-2008-raw data-ifremer,1.96
5.8,42.88,1419,25,9,2008,42.88,5.8,0,0,0,0,0,0,0,0,1.5,F.Galgani,Macroplastic observations MED-2008-raw data-ifremer,0
5.83,42.92,1420,25,9,2008,42.92,5.83,0,0,0,0,0,0,0,0,1,F.Galgani,Macroplastic observations MED-2008-raw data-ifremer,0
5.86,42.95,1421,25,9,2008,42.95,5.86,0,0,0,5.89,0,0,0,58.8,1,F.Galgani,Macroplastic observations MED-2008-raw data-ifremer,5.89
5.86,42.95,1422,25,9,2008,42.95,5.86,0,0,0,0,0,0,0,0,1,F.Galgani,Macroplastic observations MED-2008-raw data-ifremer,0
5.9,42.93,1423,25,9,2008,42.93,5.9,0,0,0,9.82,0,0,0,330.1,1,F.Galgani,Macroplastic observations MED-2008-raw data-ifremer,9.82
5.94,42.92,1424,25,9,2008,42.92,5.94,0,0,0,1.96,0,0,0,19.6,1,F.Galgani,Macroplastic observations MED-2008-raw data-ifremer,1.96
5.99,42.9,1425,25,9,2008,42.9,5.99,0,0,0,3.93,0,0,0,39.2,1,F.Galgani,Macroplastic observations MED-2008-raw data-ifremer,3.93